C&K;TFS-01-SP00-40C
C&K;TFS-01-SP00-WC
C&K;TFS-01-SP00-40C
C&K;TFS-01-SP00-WC
C&K;TFS-01-SP00-40C
C&K;TFS-01-SP00-WC
C&K;TFS-01-SP00-40C
C&K;TFS-01-SP00-WC
Crouzet;83169802
Crouzet;83169803
Crouzet;83169802
Crouzet;83169803
Crouzet;831698CR.5
Crouzet;831698CR.5
Crouzet;831698CR.5
Crouzet;831698CR.5
Crouzet;831698CR.5
Crouzet;831698CR.5
Crouzet;83169802
Crouzet;83169803
Crouzet;831698CC.5
Crouzet;831698CR.5
Honeywell;V15W11-DZ200-AW1
Honeywell;V15W11-EZ015B03-KAW1
Honeywell;V15W11-WZ200A06-AW1
Honeywell;V15W11-DZ200-AW1
Honeywell;V15W11-WZ200A06-AW1
Honeywell;V15W11-DZ200-AW1
Honeywell;V15W11-EZ015B03-KAW1
Honeywell;V15W11-EZ015B03-KAW1
Honeywell;V15W11-EZ015B03-KAW1
Honeywell;V15W11-WZ200A06-AW1
Honeywell;V15W11-WZ200A06-AW1
Honeywell;V15W11-WZ200A06-AW1
Honeywell;V15W11-WZ200A06-AW1
Honeywell;V15W11-WZ200A06-AW1
Honeywell;V15W11-WZ200A06-AW1
Honeywell;V15W11-WZ200A06-AW1
Honeywell;V15W11-DZ200-AW1
Honeywell;V15W11-WZ200A06-AW1
Honeywell;V15W11-DZ200-AW1
Honeywell;V15W11-EZ015B03-KAW1
Honeywell;V15W11-WZ200A06-AW1
Honeywell;V15W11-EZ015B03-KAW1
Honeywell;V15W11-EZ015B03-KAW1
Omron;D2VW-01-1HS
Omron;D2VW-01-1HS
Omron;D2VW-01-1HS
Omron;D2VW-01-1HS
Omron;D2VW-01-1HS
Omron;D2VW-01-1MS
Omron;D2VW-01-1MS
Omron;D2VW-01-1MS
Omron;D2VW-01-1MS
Omron;D2VW-01-1MS
Omron;D2VW-01L1A-1M
Omron;D2VW-01L1A-1M
Omron;D2VW-01L1A-1M
Omron;D2VW-01L1A-1M
Omron;D2VW-01L1A-1M
Omron;D2VW-01L1A-1MS
Omron;D2VW-01L2A-1MS
Omron;D2VW-01-1HS
Omron;D2VW-01-1MS
Omron;D2VW-01L1A-1M
Omron;D2VW-01L1A-1MS
Omron;D2VW-01L2A-1MS
Omron;D2VW-01-1HS
Omron;D2VW-01-1MS
Omron;D2VW-01L1A-1M
Omron;D2VW-01L1A-1MS
Omron;D2VW-01L2A-1MS
Omron;D2VW-01-1HS
Omron;D2VW-01-1MS
Omron;D2VW-01L1A-1M
Omron;D2VW-01L1A-1M
Omron;D2VW-01L1A-1M
Omron;D2VW-01L1A-1M
Omron;D2VW-01L1A-1M
Omron;D2VW-01L1A-1MS
Omron;D2VW-01L2A-1MS
Zippy;VW1-P1S0-00D3-Z
Zippy;VW1-P1S0-00A0-DB-Z
Zippy;VW1-P1S1-01D3-Z
Zippy;VW1-P1S0-00D3-Z
Zippy;VW1-P1S0-00A0-DB-Z
Zippy;VW1-P1S1-01D3-Z
Zippy;VW1-P1S0-00D3-Z
Zippy;VW1-P1S0-00A0-DB-Z
Zippy;VW1-P1S1-01D3-Z
Zippy;VW1-P1S1-01D3-Z
Zippy;VW1-P1S1-01D3-Z
Zippy;VW1-P1S0-00D3-Z
Zippy;VW1-P1S0-00A0-DB-Z
Zippy;VW1-P1S1-01D3-Z